{"cameraMode":{"drawMode":0,"name":"Shaded","section":"Shading Mode"},"sceneLighting":false,"audioPlay":false,"sceneViewState":{"showFog":true,"showMaterialUpdate":true,"showSkybox":true,"showFlares":true,"showImageEffects":true,"showParticleSystems":true},"in2DMode":false,"pivot":{"x":-6.76171875,"y":-0.6337890625,"z":-5.619999885559082},"rotation":{"x":0.14647822082042695,"y":-0.37484341859817507,"z":0.060107916593551639,"w":0.9134694933891296},"size":2.8578836917877199,"orthographic":true}