{"cameraMode":{"drawMode":0,"name":"Shaded","section":"Shading Mode"},"sceneLighting":false,"audioPlay":false,"sceneViewState":{"showFog":true,"showMaterialUpdate":true,"showSkybox":true,"showFlares":true,"showImageEffects":true,"showParticleSystems":true},"in2DMode":false,"pivot":{"x":251.66754150390626,"y":-1453.435791015625,"z":-335.57379150390627},"rotation":{"x":-0.003248730208724737,"y":-0.9966195225715637,"z":0.04937272518873215,"w":-0.06557605415582657},"size":1165.271728515625,"orthographic":true}