{"cameraMode":{"drawMode":0,"name":"Shaded","section":"Shading Mode"},"sceneLighting":false,"audioPlay":false,"sceneViewState":{"showFog":true,"showMaterialUpdate":true,"showSkybox":true,"showFlares":true,"showImageEffects":true,"showParticleSystems":true},"in2DMode":false,"pivot":{"x":30.247711181640626,"y":-192.7382049560547,"z":-44.499996185302737},"rotation":{"x":0.7064533829689026,"y":-0.00530671002343297,"z":0.005298539064824581,"w":0.7077234983444214},"size":154.5252227783203,"orthographic":true}