{"cameraMode":{"drawMode":0,"name":"Shaded","section":"Shading Mode"},"sceneLighting":false,"audioPlay":false,"sceneViewState":{"showFog":true,"showMaterialUpdate":true,"showSkybox":true,"showFlares":true,"showImageEffects":true,"showParticleSystems":true},"in2DMode":false,"pivot":{"x":-4.03509521484375,"y":-194.7740478515625,"z":-44.5},"rotation":{"x":0.7064533829689026,"y":-0.00530671002343297,"z":0.005298539064824581,"w":0.7077234983444214},"size":37.183067321777347,"orthographic":true}