{"cameraMode":{"drawMode":0,"name":"Shaded","section":"Shading Mode"},"sceneLighting":false,"audioPlay":false,"sceneViewState":{"showFog":true,"showMaterialUpdate":true,"showSkybox":true,"showFlares":true,"showImageEffects":true,"showParticleSystems":true},"in2DMode":false,"pivot":{"x":0.1209716796875,"y":0.415283203125,"z":0.1326904296875},"rotation":{"x":-0.09655839949846268,"y":-0.8264084458351135,"z":0.14936570823192597,"w":-0.5342526435852051},"size":0.9286318421363831,"orthographic":true}