{"cameraMode":{"drawMode":0,"name":"Shaded","section":"Shading Mode"},"sceneLighting":false,"audioPlay":false,"sceneViewState":{"showFog":true,"showMaterialUpdate":true,"showSkybox":true,"showFlares":true,"showImageEffects":true,"showParticleSystems":true},"in2DMode":false,"pivot":{"x":0.0,"y":-0.03200000524520874,"z":0.8936067223548889},"rotation":{"x":-0.008913282305002213,"y":-0.9885480403900147,"z":0.1360919028520584,"w":-0.06473683565855026},"size":1.2296782732009888,"orthographic":true}