{"cameraMode":{"drawMode":0,"name":"Shaded","section":"Shading Mode"},"sceneLighting":false,"audioPlay":false,"sceneViewState":{"showFog":true,"showMaterialUpdate":true,"showSkybox":true,"showFlares":true,"showImageEffects":true,"showParticleSystems":true},"in2DMode":false,"pivot":{"x":-0.7387341856956482,"y":-5.319765090942383,"z":-1.9408049583435059},"rotation":{"x":0.0009337834781035781,"y":0.8541425466537476,"z":-0.5200404524803162,"w":0.0015347735024988652},"size":11.855576515197754,"orthographic":false}