{"cameraMode":{"drawMode":0,"name":"Shaded","section":"Shading Mode"},"sceneLighting":false,"audioPlay":false,"sceneViewState":{"showFog":true,"showMaterialUpdate":true,"showSkybox":true,"showFlares":true,"showImageEffects":true,"showParticleSystems":true},"in2DMode":false,"pivot":{"x":30.247711181640626,"y":-192.7382049560547,"z":-44.499996185302737},"rotation":{"x":-0.003248730208724737,"y":-0.9966195225715637,"z":0.04937272518873215,"w":-0.06557605415582657},"size":154.5252227783203,"orthographic":true}