{"cameraMode":{"drawMode":0,"name":"Shaded","section":"Shading Mode"},"sceneLighting":false,"audioPlay":false,"sceneViewState":{"showFog":true,"showMaterialUpdate":true,"showSkybox":true,"showFlares":true,"showImageEffects":true,"showParticleSystems":true},"in2DMode":false,"pivot":{"x":-0.70172119140625,"y":-1.60302734375,"z":3.455078125},"rotation":{"x":0.2775985896587372,"y":-0.025934960693120958,"z":0.007497025188058615,"w":0.9603195786476135},"size":5.091121673583984,"orthographic":true}