{"cameraMode":{"drawMode":0,"name":"Shaded","section":"Shading Mode"},"sceneLighting":false,"audioPlay":false,"sceneViewState":{"showFog":true,"showMaterialUpdate":true,"showSkybox":true,"showFlares":true,"showImageEffects":true,"showParticleSystems":true},"in2DMode":false,"pivot":{"x":-6.76171875,"y":-0.6337890625,"z":-3.6599998474121095},"rotation":{"x":0.14647822082042695,"y":-0.37484341859817507,"z":0.060107916593551639,"w":0.9134694933891296},"size":3.120880126953125,"orthographic":true}